Team,Year,Payroll,Payroll_prev_year,Attendance,Attendance_prev_year,Wins,Wins_prev_year,Avg_payroll,Avg_payroll_prev_year
Arizona Diamondbacks,2015,98.66,65.77,2080145,2073730,79,64,131.26,121.94
Atlanta Braves,2015,84.82,89.62,2001392,2354305,67,79,131.26,121.94
Baltimore Orioles,2015,147.94,118.86,2320590,2464473,81,96,131.26,121.94
Boston Red Sox,2015,199.86,168.69,2880694,2956089,78,71,131.26,121.94
Chicago Cubs,2015,167.44,117.16,2959812,2652113,97,73,131.26,121.94
Chicago White Sox,2015,116,110.71,1755810,1650821,76,73,131.26,121.94
Cincinnati Reds,2015,93.17,117.73,2419506,2476664,64,76,131.26,121.94
Cleveland Indians,2015,98.01,87.75,1388905,1437393,81,85,131.26,121.94
Colorado Rockies,2015,113.24,98.26,2506789,2680329,68,66,131.26,121.94
Detroit Tigers,2015,199.53,172.79,2726048,2917209,74,90,131.26,121.94
Houston Astros,2015,96.64,69.06,2153585,1751829,86,70,131.26,121.94
Kansas City Royals,2015,137.61,112.91,2708549,1956482,95,89,131.26,121.94
Los Angeles Angels,2015,166.83,146.45,3012765,3095935,85,98,131.26,121.94
Los Angeles Dodgers,2015,253.64,230.35,3764815,3782337,92,94,131.26,121.94
Miami Marlins,2015,70.46,84.64,1752235,1732283,71,77,131.26,121.94
Milwaukee Brewers,2015,62.96,98.68,2542558,2797384,68,82,131.26,121.94
Minnesota Twins,2015,104.59,108.26,2220054,2250606,83,70,131.26,121.94
New York Mets,2015,130.61,100.13,2569753,2148808,90,79,131.26,121.94
New York Yankees,2015,227.85,213.47,3193795,3401624,87,84,131.26,121.94
Oakland Athletics,2015,85.82,80.79,1768175,2003628,68,88,131.26,121.94
Philadelphia Phillies,2015,103.35,133.05,1831080,2423852,63,73,131.26,121.94
Pittsburgh Pirates,2015,99.96,85.89,2498596,2442564,98,88,131.26,121.94
San Diego Padres,2015,100.55,126.62,2459752,2195373,74,77,131.26,121.94
San Francisco Giants,2015,171.46,166.5,2193581,3368697,84,88,131.26,121.94
Seattle Mariners,2015,145,123.23,3375882,2064334,76,87,131.26,121.94
St. Louis Cardinals,2015,149.19,120.3,3520889,3540649,100,90,131.26,121.94
Tampa Bay Rays,2015,64.12,74.85,1247668,1446464,80,77,131.26,121.94
Texas Rangers,2015,161.25,144.82,2491875,2718733,88,67,131.26,121.94
Toronto Blue Jays,2015,140.58,116.42,2794891,2375525,93,83,131.26,121.94
Washington Nationals,2015,146.69,174.51,2619843,2579389,83,96,131.26,121.94
Arizona Diamondbacks,2014,65.77,112.69,2073730,2134795,64,81,121.94,115.13
Atlanta Braves,2014,89.62,110.9,2354305,2548679,79,96,121.94,115.13
Baltimore Orioles,2014,118.86,107.41,2464473,2357561,96,85,121.94,115.13
Boston Red Sox,2014,168.69,162.82,2956089,2833333,71,97,121.94,115.13
Chicago Cubs,2014,117.16,89.01,2652113,2642682,73,66,121.94,115.13
Chicago White Sox,2014,110.71,91.16,1650821,1768413,73,63,121.94,115.13
Cincinnati Reds,2014,117.73,112.39,2476664,2534369,76,90,121.94,115.13
Cleveland Indians,2014,87.75,82.53,1437393,1572926,85,92,121.94,115.13
Colorado Rockies,2014,98.26,95.83,2680329,2793828,66,74,121.94,115.13
Detroit Tigers,2014,172.79,162.23,2917209,3083397,90,93,121.94,115.13
Houston Astros,2014,69.06,44.54,1751829,1651883,70,51,121.94,115.13
Kansas City Royals,2014,112.91,92.03,1956482,1750754,89,86,121.94,115.13
Los Angeles Angels,2014,146.45,155.69,3095935,3019505,98,78,121.94,115.13
Los Angeles Dodgers,2014,230.35,235.3,3782337,3743527,94,92,121.94,115.13
Miami Marlins,2014,84.64,47.57,1732283,1586322,77,62,121.94,115.13
Milwaukee Brewers,2014,98.68,103.84,2797384,2531105,82,74,121.94,115.13
Minnesota Twins,2014,108.26,85.78,2250606,2477644,70,66,121.94,115.13
New York Mets,2014,100.13,89.05,2148808,2135657,79,74,121.94,115.13
New York Yankees,2014,213.47,203.81,3401624,3279589,84,85,121.94,115.13
Oakland Athletics,2014,80.79,83.4,2003628,1809302,88,96,121.94,115.13
Philadelphia Phillies,2014,133.05,180.05,2423852,3012403,73,73,121.94,115.13
Pittsburgh Pirates,2014,85.89,78.11,2442564,2256862,88,94,121.94,115.13
San Diego Padres,2014,126.62,90.09,2195373,2166691,77,76,121.94,115.13
San Francisco Giants,2014,166.5,154.19,3368697,3326796,88,76,121.94,115.13
Seattle Mariners,2014,123.23,92.08,2064334,1761546,87,71,121.94,115.13
St. Louis Cardinals,2014,120.3,111.02,3540649,3369769,90,97,121.94,115.13
Tampa Bay Rays,2014,74.85,77.06,1446464,1510300,77,92,121.94,115.13
Texas Rangers,2014,144.82,136.04,2718733,3178273,67,91,121.94,115.13
Toronto Blue Jays,2014,116.42,132.63,2375525,2536562,83,74,121.94,115.13
Washington Nationals,2014,174.51,134.7,2579389,2652422,96,86,121.94,115.13
Arizona Diamondbacks,2013,112.69,90.16,2134795,2177617,81,81,115.13,106.25
Atlanta Braves,2013,110.9,89.29,2548679,2420171,96,94,115.13,106.25
Baltimore Orioles,2013,107.41,91.79,2357561,2102240,85,93,115.13,106.25
Boston Red Sox,2013,162.82,158.97,2833333,3043003,97,69,115.13,106.25
Chicago Cubs,2013,89.01,104.15,2642682,2882756,66,61,115.13,106.25
Chicago White Sox,2013,91.16,124.07,1768413,1965955,63,85,115.13,106.25
Cincinnati Reds,2013,112.39,110.57,2534369,2347251,90,97,115.13,106.25
Cleveland Indians,2013,82.53,82.52,1572926,1603596,92,68,115.13,106.25
Colorado Rockies,2013,95.83,75.45,2793828,2630458,74,64,115.13,106.25
Detroit Tigers,2013,162.23,149.05,3083397,3028033,93,88,115.13,106.25
Houston Astros,2013,44.54,24.33,1651883,1607733,51,55,115.13,106.25
Kansas City Royals,2013,92.03,80.49,1750754,1739859,86,72,115.13,106.25
Los Angeles Angels,2013,155.69,142.17,3019505,3061770,78,89,115.13,106.25
Los Angeles Dodgers,2013,235.3,216.3,3743527,3324246,92,86,115.13,106.25
Miami Marlins,2013,47.57,39.62,1586322,2219444,62,69,115.13,106.25
Milwaukee Brewers,2013,103.84,91,2531105,2831385,74,83,115.13,106.25
Minnesota Twins,2013,85.78,75.56,2477644,2776354,66,66,115.13,106.25
New York Mets,2013,89.05,88.88,2135657,2242803,74,74,115.13,106.25
New York Yankees,2013,203.81,229,3279589,3542406,85,95,115.13,106.25
Oakland Athletics,2013,83.4,68.58,1809302,1679013,96,94,115.13,106.25
Philadelphia Phillies,2013,180.05,159.58,3012403,3565718,73,81,115.13,106.25
Pittsburgh Pirates,2013,78.11,66.29,2256862,2091918,94,79,115.13,106.25
San Diego Padres,2013,90.09,71.69,2166691,2123721,76,76,115.13,106.25
San Francisco Giants,2013,154.19,142.18,3326796,3377371,76,94,115.13,106.25
Seattle Mariners,2013,92.08,84.3,1761546,1721920,71,75,115.13,106.25
St. Louis Cardinals,2013,111.02,116.7,3369769,3262109,97,88,115.13,106.25
Tampa Bay Rays,2013,77.06,57.03,1510300,1559681,92,90,115.13,106.25
Texas Rangers,2013,136.04,127.2,3178273,3460280,91,93,115.13,106.25
Toronto Blue Jays,2013,132.63,118.24,2536562,2099663,74,73,115.13,106.25
Washington Nationals,2013,134.7,112.43,2652422,2370794,86,98,115.13,106.25
Arizona Diamondbacks,2012,90.16,74.28,2177617,2105432,81,94,106.25,98.02
Atlanta Braves,2012,89.29,83.31,2420171,2372940,94,89,106.25,98.02
Baltimore Orioles,2012,91.79,81.43,2102240,1755461,93,69,106.25,98.02
Boston Red Sox,2012,158.97,173.19,3043003,3054001,69,90,106.25,98.02
Chicago Cubs,2012,104.15,88.2,2882756,3017966,61,71,106.25,98.02
Chicago White Sox,2012,124.07,96.92,1965955,2001117,85,79,106.25,98.02
Cincinnati Reds,2012,110.57,82.2,2347251,2213498,97,79,106.25,98.02
Cleveland Indians,2012,82.52,78.43,1603596,1840835,68,80,106.25,98.02
Colorado Rockies,2012,75.45,78.07,2630458,2909777,64,73,106.25,98.02
Detroit Tigers,2012,149.05,132.3,3028033,2642045,88,95,106.25,98.02
Houston Astros,2012,24.33,60.65,1607733,2067016,55,56,106.25,98.02
Kansas City Royals,2012,80.49,60.92,1739859,1724450,72,71,106.25,98.02
Los Angeles Angels,2012,142.17,154.49,3061770,3166321,89,86,106.25,98.02
Los Angeles Dodgers,2012,216.3,95.14,3324246,2935139,86,82,106.25,98.02
Miami Marlins,2012,39.62,118.08,2219444,1520562,69,72,106.25,98.02
Milwaukee Brewers,2012,91,97.65,2831385,3071373,83,96,106.25,98.02
Minnesota Twins,2012,75.56,94.09,2776354,3168107,66,63,106.25,98.02
New York Mets,2012,88.88,93.35,2242803,2378549,74,77,106.25,98.02
New York Yankees,2012,229,197.96,3542406,3653680,95,97,106.25,98.02
Oakland Athletics,2012,68.58,55.37,1679013,1476792,94,74,106.25,98.02
Philadelphia Phillies,2012,159.58,174.54,3565718,3680718,81,102,106.25,98.02
Pittsburgh Pirates,2012,66.29,63.43,2091918,1940429,79,72,106.25,98.02
San Diego Padres,2012,71.69,55.24,2123721,2143018,76,71,106.25,98.02
San Francisco Giants,2012,142.18,81.98,3377371,3387303,94,86,106.25,98.02
Seattle Mariners,2012,84.3,117.62,1721920,1896321,75,67,106.25,98.02
St. Louis Cardinals,2012,116.7,110.3,3262109,3093954,88,90,106.25,98.02
Tampa Bay Rays,2012,57.03,64.17,1559681,1529188,90,91,106.25,98.02
Texas Rangers,2012,127.2,120.51,3460280,2946949,93,96,106.25,98.02
Toronto Blue Jays,2012,118.24,75.49,2099663,1818103,73,81,106.25,98.02
Washington Nationals,2012,112.43,81.34,2370794,1940478,98,80,106.25,98.02
Arizona Diamondbacks,2011,74.28,53.64,2105432,2056519,94,65,98.02,92.87
Atlanta Braves,2011,83.31,87,2372940,2510119,89,91,98.02,92.87
Baltimore Orioles,2011,81.43,85.3,1755461,1733018,69,66,98.02,92.87
Boston Red Sox,2011,173.19,161.76,3054001,3046445,90,89,98.02,92.87
Chicago Cubs,2011,88.2,125.05,3017966,3062973,71,75,98.02,92.87
Chicago White Sox,2011,96.92,127.79,2001117,2194378,79,88,98.02,92.87
Cincinnati Reds,2011,82.2,75.95,2213498,2060551,79,91,98.02,92.87
Cleveland Indians,2011,78.43,49.19,1840835,1391644,80,69,98.02,92.87
Colorado Rockies,2011,78.07,88.15,2909777,2875245,73,83,98.02,92.87
Detroit Tigers,2011,132.3,105.7,2642045,2461237,95,81,98.02,92.87
Houston Astros,2011,60.65,70.69,2067016,2331490,56,76,98.02,92.87
Kansas City Royals,2011,60.92,36.13,1724450,1615327,71,67,98.02,92.87
Los Angeles Angels,2011,154.49,138.54,3166321,3250814,86,80,98.02,92.87
Los Angeles Dodgers,2011,95.14,104.19,2935139,3562320,82,80,98.02,92.87
Miami Marlins,2011,118.08,56.94,1520562,1524894,72,80,98.02,92.87
Milwaukee Brewers,2011,97.65,85.5,3071373,2776531,96,77,98.02,92.87
Minnesota Twins,2011,94.09,112.74,3168107,3223640,63,94,98.02,92.87
New York Mets,2011,93.35,118.85,2378549,2559738,77,79,98.02,92.87
New York Yankees,2011,197.96,202.69,3653680,3765807,97,95,98.02,92.87
Oakland Athletics,2011,55.37,66.54,1476792,1418391,74,81,98.02,92.87
Philadelphia Phillies,2011,174.54,172.98,3680718,3647249,102,97,98.02,92.87
Pittsburgh Pirates,2011,63.43,45.05,1940429,1613399,72,57,98.02,92.87
San Diego Padres,2011,55.24,45.87,2143018,2131774,71,90,98.02,92.87
San Francisco Giants,2011,81.98,118.2,3387303,3037443,86,92,98.02,92.87
Seattle Mariners,2011,117.62,86.52,1896321,2085168,67,61,98.02,92.87
St. Louis Cardinals,2011,110.3,105.43,3093954,3301218,90,86,98.02,92.87
Tampa Bay Rays,2011,64.17,41.05,1529188,1864999,91,96,98.02,92.87
Texas Rangers,2011,120.51,92.3,2946949,2505171,96,90,98.02,92.87
Toronto Blue Jays,2011,75.49,62.57,1818103,1625555,81,85,98.02,92.87
Washington Nationals,2011,81.34,63.86,1940478,1828066,80,69,98.02,92.87
Arizona Diamondbacks,2010,53.64,60.72,2056519,2129183,65,70,92.87,91.02
Atlanta Braves,2010,87,84.42,2510119,2373631,91,86,92.87,91.02
Baltimore Orioles,2010,85.3,81.61,1733018,1907163,66,64,92.87,91.02
Boston Red Sox,2010,161.76,162.75,3046445,3062699,89,95,92.87,91.02
Chicago Cubs,2010,125.05,146.86,3062973,3168859,75,83,92.87,91.02
Chicago White Sox,2010,127.79,108.27,2194378,2284164,88,79,92.87,91.02
Cincinnati Reds,2010,75.95,72.39,2060551,1747919,91,78,92.87,91.02
Cleveland Indians,2010,49.19,61.2,1391644,1766242,69,65,92.87,91.02
Colorado Rockies,2010,88.15,84.23,2875245,2665080,83,92,92.87,91.02
Detroit Tigers,2010,105.7,122.86,2461237,2567185,81,86,92.87,91.02
Houston Astros,2010,70.69,92.36,2331490,2521076,76,74,92.87,91.02
Kansas City Royals,2010,36.13,72.27,1615327,1797887,67,65,92.87,91.02
Los Angeles Angels,2010,138.54,105.01,3250814,3240386,80,97,92.87,91.02
Los Angeles Dodgers,2010,104.19,94.95,3562320,3761669,80,95,92.87,91.02
Miami Marlins,2010,56.94,55.64,1524894,1464109,80,87,92.87,91.02
Milwaukee Brewers,2010,85.5,81.11,2776531,3037451,77,80,92.87,91.02
Minnesota Twins,2010,112.74,97.56,3223640,2416237,94,87,92.87,91.02
New York Mets,2010,118.85,132.7,2559738,3154262,79,70,92.87,91.02
New York Yankees,2010,202.69,206.33,3765807,3719358,95,103,92.87,91.02
Oakland Athletics,2010,66.54,51.65,1418391,1408783,81,75,92.87,91.02
Philadelphia Phillies,2010,172.98,141.93,3647249,3600693,97,93,92.87,91.02
Pittsburgh Pirates,2010,45.05,34.94,1613399,1577853,57,62,92.87,91.02
San Diego Padres,2010,45.87,37.8,2131774,1922603,90,75,92.87,91.02
San Francisco Giants,2010,118.2,97.83,3037443,2861113,92,88,92.87,91.02
Seattle Mariners,2010,86.52,98.38,2085168,2195284,61,85,92.87,91.02
St. Louis Cardinals,2010,105.43,93.54,3301218,3343252,86,91,92.87,91.02
Tampa Bay Rays,2010,41.05,71.92,1864999,1874962,96,84,92.87,91.02
Texas Rangers,2010,92.3,55.25,2505171,2156016,90,87,92.87,91.02
Toronto Blue Jays,2010,62.57,62.69,1625555,1876129,85,75,92.87,91.02
Washington Nationals,2010,63.86,61.43,1828066,1817280,69,59,92.87,91.02
Arizona Diamondbacks,2009,60.72,73.52,2129183,2509924,70,82,91.02,88.51
Atlanta Braves,2009,84.42,96.73,2373631,2532834,86,72,91.02,88.51
Baltimore Orioles,2009,81.61,67.1,1907163,1950075,64,68,91.02,88.51
Boston Red Sox,2009,162.75,121.75,3062699,3048250,95,95,91.02,88.51
Chicago Cubs,2009,146.86,134.81,3168859,3300200,83,97,91.02,88.51
Chicago White Sox,2009,108.27,96.07,2284164,2501103,79,89,91.02,88.51
Cincinnati Reds,2009,72.39,73.56,1747919,2058632,78,74,91.02,88.51
Cleveland Indians,2009,61.2,81.58,1766242,2169760,65,81,91.02,88.51
Colorado Rockies,2009,84.23,75.2,2665080,2650218,92,74,91.02,88.51
Detroit Tigers,2009,122.86,115.09,2567185,3202654,86,74,91.02,88.51
Houston Astros,2009,92.36,103,2521076,2779287,74,86,91.02,88.51
Kansas City Royals,2009,72.27,70.52,1797887,1578922,65,75,91.02,88.51
Los Angeles Angels,2009,105.01,113.71,3240386,3336744,97,100,91.02,88.51
Los Angeles Dodgers,2009,94.95,100.41,3761669,3730553,95,84,91.02,88.51
Miami Marlins,2009,55.64,36.83,1464109,1335075,87,84,91.02,88.51
Milwaukee Brewers,2009,81.11,80.18,3037451,3068458,80,90,91.02,88.51
Minnesota Twins,2009,97.56,65.3,2416237,2302431,87,88,91.02,88.51
New York Mets,2009,132.7,149.37,3154262,4042047,70,89,91.02,88.51
New York Yankees,2009,206.33,201.45,3719358,4298655,103,89,91.02,88.51
Oakland Athletics,2009,51.65,62.31,1408783,1665256,75,75,91.02,88.51
Philadelphia Phillies,2009,141.93,113,3600693,3422583,93,92,91.02,88.51
Pittsburgh Pirates,2009,34.94,48.69,1577853,1609076,62,67,91.02,88.51
San Diego Padres,2009,37.8,43.73,1922603,2427535,75,63,91.02,88.51
San Francisco Giants,2009,97.83,82.62,2861113,2863837,88,72,91.02,88.51
Seattle Mariners,2009,98.38,98.9,2195284,2329702,85,61,91.02,88.51
St. Louis Cardinals,2009,93.54,77.61,3343252,3430660,91,86,91.02,88.51
Tampa Bay Rays,2009,71.92,63.31,1874962,1780791,84,97,91.02,88.51
Texas Rangers,2009,55.25,68.18,2156016,1945677,87,79,91.02,88.51
Toronto Blue Jays,2009,62.69,80.54,1876129,2399786,75,86,91.02,88.51
Washington Nationals,2009,61.43,60.33,1817280,2320400,59,59,91.02,88.51
Arizona Diamondbacks,2008,73.52,66.2,2509924,2325249,82,90,88.51,89.55
Atlanta Braves,2008,96.73,102.37,2532834,2745207,72,84,88.51,89.55
Baltimore Orioles,2008,67.1,67.2,1950075,2164822,68,69,88.51,89.55
Boston Red Sox,2008,121.75,133.39,3048250,2970755,95,96,88.51,89.55
Chicago Cubs,2008,134.81,118.35,3300200,3252462,97,85,88.51,89.55
Chicago White Sox,2008,96.07,121.19,2501103,2684395,89,72,88.51,89.55
Cincinnati Reds,2008,73.56,74.12,2058632,2058593,74,72,88.51,89.55
Cleveland Indians,2008,81.58,78.97,2169760,2275912,81,96,88.51,89.55
Colorado Rockies,2008,75.2,68.66,2650218,2376250,74,90,88.51,89.55
Detroit Tigers,2008,115.09,137.69,3202654,3047133,74,88,88.51,89.55
Houston Astros,2008,103,88.93,2779287,3020405,86,73,88.51,89.55
Kansas City Royals,2008,70.52,58.25,1578922,1616867,75,69,88.51,89.55
Los Angeles Angels,2008,113.71,119.22,3336744,3365632,100,94,88.51,89.55
Los Angeles Dodgers,2008,100.41,118.59,3730553,3857036,84,82,88.51,89.55
Miami Marlins,2008,36.83,21.81,1335075,1370511,84,71,88.51,89.55
Milwaukee Brewers,2008,80.18,80.94,3068458,2869144,90,83,88.51,89.55
Minnesota Twins,2008,65.3,56.93,2302431,2296383,88,79,88.51,89.55
New York Mets,2008,149.37,137.79,4042047,3853955,89,88,88.51,89.55
New York Yankees,2008,201.45,209.08,4298655,4271083,89,94,88.51,89.55
Oakland Athletics,2008,62.31,47.97,1665256,1921844,75,76,88.51,89.55
Philadelphia Phillies,2008,113,98.27,3422583,3108325,92,89,88.51,89.55
Pittsburgh Pirates,2008,48.69,48.69,1609076,1749142,67,68,88.51,89.55
San Diego Padres,2008,43.73,73.68,2427535,2790074,63,89,88.51,89.55
San Francisco Giants,2008,82.62,76.59,2863837,3223215,72,71,88.51,89.55
Seattle Mariners,2008,98.9,117.67,2329702,2672223,61,88,88.51,89.55
St. Louis Cardinals,2008,77.61,99.62,3430660,3552180,86,78,88.51,89.55
Tampa Bay Rays,2008,63.31,43.82,1780791,1387603,97,66,88.51,89.55
Texas Rangers,2008,68.18,67.71,1945677,2353862,79,75,88.51,89.55
Toronto Blue Jays,2008,80.54,97.79,2399786,2360644,86,83,88.51,89.55
Washington Nationals,2008,60.33,54.96,2320400,1943812,59,73,88.51,89.55
Arizona Diamondbacks,2007,66.2,52.07,2325249,2091685,90,76,89.55,82.56
Atlanta Braves,2007,102.37,87.29,2745207,2550524,84,79,89.55,82.56
Baltimore Orioles,2007,67.2,93.17,2164822,2153139,69,70,89.55,82.56
Boston Red Sox,2007,133.39,143.03,2970755,2930588,96,86,89.55,82.56
Chicago Cubs,2007,118.35,99.67,3252462,3123215,85,66,89.55,82.56
Chicago White Sox,2007,121.19,108.67,2684395,2957414,72,90,89.55,82.56
Cincinnati Reds,2007,74.12,68.52,2058593,2134607,72,80,89.55,82.56
Cleveland Indians,2007,78.97,61.67,2275912,1997995,96,78,89.55,82.56
Colorado Rockies,2007,68.66,54.04,2376250,2104362,90,76,89.55,82.56
Detroit Tigers,2007,137.69,94.8,3047133,2595937,88,95,89.55,82.56
Houston Astros,2007,88.93,87.76,3020405,3022763,73,82,89.55,82.56
Kansas City Royals,2007,58.25,67.12,1616867,1372638,69,62,89.55,82.56
Los Angeles Angels,2007,119.22,109.25,3365632,3406790,94,89,89.55,82.56
Los Angeles Dodgers,2007,118.59,108.45,3857036,3758545,82,88,89.55,82.56
Miami Marlins,2007,21.81,30.51,1370511,1164134,71,78,89.55,82.56
Milwaukee Brewers,2007,80.94,70.99,2869144,2335643,83,75,89.55,82.56
Minnesota Twins,2007,56.93,71.44,2296383,2285018,79,96,89.55,82.56
New York Mets,2007,137.79,115.23,3853955,3379535,88,97,89.55,82.56
New York Yankees,2007,209.08,189.26,4271083,4248067,94,97,89.55,82.56
Oakland Athletics,2007,47.97,79.37,1921844,1976625,76,93,89.55,82.56
Philadelphia Phillies,2007,98.27,89.43,3108325,2701815,89,85,89.55,82.56
Pittsburgh Pirates,2007,48.69,38.54,1749142,1861549,68,67,89.55,82.56
San Diego Padres,2007,73.68,58.11,2790074,2659757,89,88,89.55,82.56
San Francisco Giants,2007,76.59,90.22,3223215,3130313,71,76,89.55,82.56
Seattle Mariners,2007,117.67,106.46,2672223,2481165,88,78,89.55,82.56
St. Louis Cardinals,2007,99.62,90.29,3552180,3407104,78,83,89.55,82.56
Tampa Bay Rays,2007,43.82,24.12,1387603,1368950,66,61,89.55,82.56
Texas Rangers,2007,67.71,68.32,2353862,2388757,75,80,89.55,82.56
Toronto Blue Jays,2007,97.79,81.94,2360644,2302212,83,87,89.55,82.56
Washington Nationals,2007,54.96,36.95,1943812,2153056,73,71,89.55,82.56
Arizona Diamondbacks,2006,52.07,59.68,2091685,2059331,76,77,82.56,77.56
Atlanta Braves,2006,87.29,90.16,2550524,2521534,79,90,82.56,77.56
Baltimore Orioles,2006,93.17,72.59,2153139,2624804,70,74,82.56,77.56
Boston Red Sox,2006,143.03,120.1,2930588,2813354,86,95,82.56,77.56
Chicago Cubs,2006,99.67,94.42,3123215,3100262,66,79,82.56,77.56
Chicago White Sox,2006,108.67,102.75,2957414,2342834,90,99,82.56,77.56
Cincinnati Reds,2006,68.52,60.91,2134607,1943157,80,73,82.56,77.56
Cleveland Indians,2006,61.67,56.03,1997995,1973185,78,93,82.56,77.56
Colorado Rockies,2006,54.04,41.23,2104362,1915586,76,67,82.56,77.56
Detroit Tigers,2006,94.8,82.61,2595937,2024505,95,71,82.56,77.56
Houston Astros,2006,87.76,92.55,3022763,2762472,82,89,82.56,77.56
Kansas City Royals,2006,67.12,47.29,1372638,1371181,62,56,82.56,77.56
Los Angeles Angels,2006,109.25,103.47,3406790,3404686,89,95,82.56,77.56
Los Angeles Dodgers,2006,108.45,98.45,3758545,3603680,88,71,82.56,77.56
Miami Marlins,2006,30.51,15,1164134,1823388,78,83,82.56,77.56
Milwaukee Brewers,2006,70.99,57.57,2335643,2211023,75,81,82.56,77.56
Minnesota Twins,2006,71.44,63.4,2285018,2013453,96,83,82.56,77.56
New York Mets,2006,115.23,101.08,3379535,2782212,97,83,82.56,77.56
New York Yankees,2006,189.26,194.66,4248067,4090440,97,95,82.56,77.56
Oakland Athletics,2006,79.37,62.24,1976625,2109298,93,88,82.56,77.56
Philadelphia Phillies,2006,89.43,88.27,2701815,2665301,85,88,82.56,77.56
Pittsburgh Pirates,2006,38.54,46.72,1861549,1794237,67,67,82.56,77.56
San Diego Padres,2006,58.11,69.9,2659757,2832039,88,82,82.56,77.56
San Francisco Giants,2006,90.22,90.06,3130313,3140781,76,75,82.56,77.56
Seattle Mariners,2006,106.46,87.96,2481165,2689529,78,69,82.56,77.56
St. Louis Cardinals,2006,90.29,88.89,3407104,3491837,83,100,82.56,77.56
Tampa Bay Rays,2006,24.12,35.42,1368950,1124189,61,67,82.56,77.56
Texas Rangers,2006,68.32,68.23,2388757,2486925,80,79,82.56,77.56
Toronto Blue Jays,2006,81.94,71.92,2302212,1977949,87,80,82.56,77.56
Washington Nationals,2006,36.95,63.14,2153056,2692123,71,81,82.56,77.56
Arizona Diamondbacks,2005,59.68,62.33,2059331,2519560,77,51,77.56,73.06
Atlanta Braves,2005,90.16,86.46,2521534,2322565,90,96,77.56,73.06
Baltimore Orioles,2005,72.59,73.91,2624804,2744013,74,78,77.56,73.06
Boston Red Sox,2005,120.1,123.51,2813354,2837304,95,98,77.56,73.06
Chicago Cubs,2005,94.42,87.03,3100262,3170184,79,89,77.56,73.06
Chicago White Sox,2005,102.75,75.18,2342834,1930537,99,83,77.56,73.06
Cincinnati Reds,2005,60.91,61.89,1943157,2287250,73,76,77.56,73.06
Cleveland Indians,2005,56.03,41.5,1973185,1814401,93,80,77.56,73.06
Colorado Rockies,2005,41.23,48.16,1915586,2338069,67,68,77.56,73.06
Detroit Tigers,2005,82.61,69.09,2024505,1917004,71,72,77.56,73.06
Houston Astros,2005,92.55,76.78,2762472,3087872,89,92,77.56,73.06
Kansas City Royals,2005,47.29,36.88,1371181,1661478,56,58,77.56,73.06
Los Angeles Angels,2005,103.47,97.73,3404686,3375677,95,92,77.56,73.06
Los Angeles Dodgers,2005,98.45,83.04,3603680,3488283,71,93,77.56,73.06
Miami Marlins,2005,15,60.41,1823388,1723105,83,83,77.56,73.06
Milwaukee Brewers,2005,57.57,39.93,2211023,2062382,81,67,77.56,73.06
Minnesota Twins,2005,63.4,56.19,2013453,1879222,83,92,77.56,73.06
New York Mets,2005,101.08,101.31,2782212,2318321,83,71,77.56,73.06
New York Yankees,2005,194.66,208.31,4090440,3775292,95,101,77.56,73.06
Oakland Athletics,2005,62.24,55.43,2109298,2201516,88,91,77.56,73.06
Philadelphia Phillies,2005,88.27,95.52,2665301,3250092,88,86,77.56,73.06
Pittsburgh Pirates,2005,46.72,38.13,1794237,1583031,67,72,77.56,73.06
San Diego Padres,2005,69.9,63.29,2832039,3016752,82,87,77.56,73.06
San Francisco Giants,2005,90.06,90.2,3140781,3258864,75,91,77.56,73.06
Seattle Mariners,2005,87.96,87.75,2689529,2940731,69,63,77.56,73.06
St. Louis Cardinals,2005,88.89,92.11,3491837,3048427,100,105,77.56,73.06
Tampa Bay Rays,2005,35.42,29.68,1124189,1275011,67,70,77.56,73.06
Texas Rangers,2005,68.23,55.85,2486925,2513685,79,89,77.56,73.06
Toronto Blue Jays,2005,71.92,45.72,1977949,1900041,80,67,77.56,73.06
Washington Nationals,2005,63.14,48.58,2692123,748550,81,67,77.56,73.06
Arizona Diamondbacks,2004,62.33,69.78,2519560,2805542,51,84,73.06,69.04
Atlanta Braves,2004,86.46,90.18,2322565,2401084,96,101,73.06,69.04
Baltimore Orioles,2004,73.91,51.62,2744013,2454523,78,71,73.06,69.04
Boston Red Sox,2004,123.51,127.3,2837304,2724165,98,95,73.06,69.04
Chicago Cubs,2004,87.03,90.56,3170184,2962630,89,88,73.06,69.04
Chicago White Sox,2004,75.18,65.21,1930537,1939524,83,86,73.06,69.04
Cincinnati Reds,2004,61.89,46.62,2287250,2355259,76,69,73.06,69.04
Cleveland Indians,2004,41.5,34.32,1814401,1730002,80,68,73.06,69.04
Colorado Rockies,2004,48.16,65.45,2338069,2334085,68,74,73.06,69.04
Detroit Tigers,2004,69.09,46.83,1917004,1368245,72,43,73.06,69.04
Houston Astros,2004,76.78,75.4,3087872,2454241,92,87,73.06,69.04
Kansas City Royals,2004,36.88,47.61,1661478,1779895,58,83,73.06,69.04
Los Angeles Angels,2004,97.73,100.53,3375677,3061094,92,77,73.06,69.04
Los Angeles Dodgers,2004,83.04,92.9,3488283,3138626,93,85,73.06,69.04
Miami Marlins,2004,60.41,42.14,1723105,1303215,83,91,73.06,69.04
Milwaukee Brewers,2004,39.93,27.53,2062382,1700354,67,68,73.06,69.04
Minnesota Twins,2004,56.19,53.59,1879222,1946011,92,90,73.06,69.04
New York Mets,2004,101.31,96.66,2318321,2140599,71,66,73.06,69.04
New York Yankees,2004,208.31,184.19,3775292,3465600,101,101,73.06,69.04
Oakland Athletics,2004,55.43,59.43,2201516,2216596,91,96,73.06,69.04
Philadelphia Phillies,2004,95.52,93.22,3250092,2259948,86,86,73.06,69.04
Pittsburgh Pirates,2004,38.13,32.23,1583031,1636751,72,75,73.06,69.04
San Diego Padres,2004,63.29,55.38,3016752,2030084,87,64,73.06,69.04
San Francisco Giants,2004,90.2,82.02,3258864,3264898,91,100,73.06,69.04
Seattle Mariners,2004,87.75,81.52,2940731,3268509,63,93,73.06,69.04
St. Louis Cardinals,2004,92.11,83.23,3048427,2910386,105,85,73.06,69.04
Tampa Bay Rays,2004,29.68,29.56,1275011,1058695,70,63,73.06,69.04
Texas Rangers,2004,55.85,55.05,2513685,2094394,89,71,73.06,69.04
Toronto Blue Jays,2004,45.72,50.02,1900041,1799458,67,86,73.06,69.04
Washington Nationals,2004,48.58,41.2,748550,1025639,67,83,73.06,69.04